run,n_atoms,temperature_kelvin,nvt_time_at_last_frame_ps,run_completed,minimiser,fraction_coordination_0,fraction_coordination_1,fraction_coordination_2,fraction_coordination_3,fraction_coordination_4,fraction_coordination_5plus,low_coordination_fraction,sp2_fraction,sp3_fraction,interior_sp3_fraction,n_bonds,n_fragments,largest_fragment_fraction,fragment_sizes,radius_of_gyration_angstrom,mean_radial_bond_cosine,n_shells,shell_radii_angstrom,rings_3,rings_4,rings_5,rings_6,rings_7,rings_8,rings_9,rings_10,class
C40-500K,40,500,50.0,True,fire,0.0,0.0,0.55,0.45,0.0,0.0,0.55,0.45,0.0,nan,49,1,1.0,40,3.735,0.3927,1,3.61,1,0,3,1,1,1,2,0,disordered
C60-500K,60,500,49.952,True,fire,0.0,0.0167,0.4667,0.5167,0.0,0.0,0.4833,0.5167,0.0,0.0,75,1,1.0,60,4.244,0.3397,1,4.03,0,0,7,4,2,1,0,0,disordered
C80-500K,80,500,36.406,False,cg,0.0,0.0,0.3,0.7,0.0,0.0,0.3,0.7,0.0,0.0,108,1,1.0,80,4.298,0.2848,1,4.19,2,1,9,6,3,2,2,0,disordered
C120-500K,120,500,49.97,True,fire,0.0,0.0,0.1833,0.8,0.0167,0.0,0.1833,0.8,0.0167,0.0833,170,1,1.0,120,4.74,0.3243,1,4.95,0,5,10,10,10,3,7,5,disordered
C160-500K,160,500,49.964,True,fire,0.0,0.0063,0.2875,0.6937,0.0125,0.0,0.2937,0.6937,0.0125,0.0476,217,1,1.0,160,5.456,0.334,2,2.88 5.82,0,6,12,10,9,4,2,6,disordered
C373-500K,373,500,49.96,True,fire,0.0,0.0054,0.1555,0.7989,0.0402,0.0,0.1609,0.7989,0.0402,0.0288,536,1,1.0,373,7.076,0.3845,1,6.97,3,5,33,36,26,22,19,15,disordered
C686-500K,686,500,49.96,True,cg,0.0,0.0073,0.1531,0.8032,0.0364,0.0,0.1603,0.8032,0.0364,0.0564,984,1,1.0,686,8.949,0.3758,3,3.03 6.64 10.16,1,6,69,82,44,33,12,18,disordered
C1000-500K,1000,500,37.888,False,fire,0.0,0.001,0.107,0.813,0.079,0.0,0.108,0.813,0.079,0.1393,1485,1,1.0,1000,9.733,0.4038,4,2.88 5.12 8.17 11.28,6,17,96,118,87,65,48,49,disordered
C40-1000K,40,1000,50.0,True,fire,0.0,0.025,0.45,0.525,0.0,0.0,0.475,0.525,0.0,0.0,50,1,1.0,40,3.707,0.3103,1,3.49,0,0,5,2,1,2,0,0,disordered
C60-1000K,60,1000,49.952,True,fire,0.0,0.0167,0.3333,0.65,0.0,0.0,0.35,0.65,0.0,0.0,79,1,1.0,60,4.0,0.2122,1,3.91,0,1,5,11,1,0,0,0,disordered
C80-1000K,80,1000,49.98,True,fire,0.0,0.0125,0.4625,0.5125,0.0125,0.0,0.475,0.5125,0.0125,0.1667,101,1,1.0,80,4.817,0.2965,1,4.69,0,1,5,6,4,2,0,0,disordered
C120-1000K,120,1000,49.97,True,fire,0.0,0.0,0.1,0.9,0.0,0.0,0.1,0.9,0.0,0.0,174,2,0.9083,109 11,4.621,0.1813,1,4.79,0,2,19,22,10,3,0,2,cage
C160-1000K,160,1000,49.964,True,fire,0.0,0.0,0.1125,0.8625,0.025,0.0,0.1125,0.8625,0.025,0.0,233,1,1.0,160,5.093,0.2526,2,2.51 5.39,1,5,16,26,15,4,7,1,graphitic onion
C373-1000K,373,1000,49.96,True,fire,0.0,0.0027,0.1314,0.8284,0.0375,0.0,0.134,0.8284,0.0375,0.0811,541,1,1.0,373,7.139,0.336,2,4.44 7.71,5,3,38,44,32,15,4,16,disordered
C686-1000K,686,1000,49.8,False,fire,0.0,0.0029,0.1341,0.8163,0.0466,0.0,0.137,0.8163,0.0466,0.0745,997,1,1.0,686,8.781,0.3847,3,2.89 6.71 10.01,0,6,75,79,52,27,24,25,disordered
C1000-1000K,1000,1000,34.738,False,fire,0.0,0.0,0.068,0.82,0.112,0.0,0.068,0.82,0.112,0.2175,1522,1,1.0,1000,9.673,0.3593,3,4.61 8.16 11.22,2,14,139,141,104,59,45,42,disordered
C40-2000K,40,2000,50.0,True,fire,0.0,0.1,0.9,0.0,0.0,0.0,1.0,0.0,0.0,0.0,38,2,0.575,23 17,10.051,0.5641,0,,0,0,0,0,0,0,0,0,dissociated
C60-2000K,60,2000,49.952,True,fire,0.0,0.0167,0.1,0.8833,0.0,0.0,0.1167,0.8833,0.0,0.0,86,1,1.0,60,3.855,0.2941,1,3.64,0,0,10,13,4,1,0,0,cage
C80-2000K,80,2000,49.98,True,fire,0.0,0.025,0.125,0.85,0.0,0.0,0.15,0.85,0.0,0.0,113,1,1.0,80,4.306,0.2636,1,4.10,0,0,14,15,4,1,0,0,cage
C120-2000K,120,2000,49.97,True,fire,0.0,0.0167,0.1,0.8833,0.0,0.0,0.1167,0.8833,0.0,0.0,172,1,1.0,120,4.702,0.2319,1,4.87,0,1,19,18,11,4,0,1,cage
C160-2000K,160,2000,49.964,True,fire,0.0,0.0063,0.1375,0.8438,0.0125,0.0,0.1438,0.8438,0.0125,0.0132,229,2,0.875,140 20,5.862,0.2841,1,5.11,1,3,24,28,13,5,0,0,cage
C373-2000K,373,2000,49.96,True,fire,0.0,0.0027,0.0643,0.9142,0.0188,0.0,0.067,0.9142,0.0188,0.0159,550,1,1.0,373,7.185,0.2129,2,4.42 7.59,2,3,60,68,34,6,3,0,graphitic onion
C686-2000K,686,2000,50.0,True,fire,0.0,0.0015,0.051,0.9257,0.0219,0.0,0.0525,0.9257,0.0219,0.0264,1018,1,1.0,686,8.793,0.2283,3,3.13 6.49 9.76,0,4,85,145,64,14,5,2,graphitic onion
C1000-2000K,1000,2000,37.288,False,fire,0.0,0.0,0.048,0.924,0.028,0.0,0.048,0.924,0.028,0.0415,1490,1,1.0,1000,10.047,0.2612,3,4.88 8.26 11.37,2,6,126,193,86,30,14,2,graphitic onion
C40-3000K,40,3000,50.0,True,fire,0.0,0.075,0.9,0.025,0.0,0.0,0.975,0.025,0.0,0.0,39,2,0.85,34 6,13.308,0.5868,0,,1,0,0,0,0,0,0,0,dissociated
C60-3000K,60,3000,49.952,True,fire,0.0,0.1333,0.8667,0.0,0.0,0.0,1.0,0.0,0.0,0.0,56,4,0.3667,22 18 14 6,17.992,0.5395,0,,0,0,0,0,0,0,0,0,dissociated
C80-3000K,80,3000,49.98,True,fire,0.0,0.0625,0.925,0.0125,0.0,0.0,0.9875,0.0125,0.0,0.0,78,2,0.575,46 34,30.844,0.6335,0,,0,0,0,0,0,0,0,0,dissociated
C120-3000K,120,3000,49.97,True,fire,0.0,0.0167,0.1333,0.85,0.0,0.0,0.15,0.85,0.0,0.0,170,3,0.85,102 12 6,8.935,0.1731,1,4.65,0,0,16,30,4,3,2,0,cage
C160-3000K,160,3000,49.964,True,fire,0.0,0.0063,0.1,0.8938,0.0,0.0,0.1063,0.8938,0.0,0.0,231,2,0.8875,142 18,5.356,0.2531,1,5.21,0,0,25,34,9,4,0,1,cage
C373-3000K,373,3000,49.96,True,fire,0.0,0.0054,0.0858,0.9062,0.0027,0.0,0.0912,0.9062,0.0027,0.0,542,2,0.9893,369 4,7.895,0.1845,2,4.81 7.81,0,2,51,77,34,3,0,3,graphitic onion
C686-3000K,686,3000,45.3,False,fire,0.0,0.0058,0.0845,0.9067,0.0029,0.0,0.0904,0.9067,0.0029,0.003,997,1,1.0,686,9.892,0.2634,2,6.77 10.31,2,0,79,156,57,8,3,5,graphitic onion
C1000-3000K,1000,3000,33.088,False,fire,0.0,0.0,0.055,0.94,0.005,0.0,0.055,0.94,0.005,0.0067,1475,1,1.0,1000,10.527,0.2281,3,3.98 8.11 11.74,2,1,110,247,84,18,1,4,graphitic onion
C40-4000K,40,4000,50.0,True,fire,0.0,0.15,0.85,0.0,0.0,0.0,1.0,0.0,0.0,0.0,37,3,0.375,15 13 12,17.147,0.5455,0,,0,0,0,0,0,0,0,0,dissociated
C60-4000K,60,4000,49.952,True,fire,0.0,0.25,0.7333,0.0167,0.0,0.0,0.9833,0.0167,0.0,0.0,53,8,0.25,15 9 9 8 6 6 4 3,21.838,0.4561,0,,1,0,0,0,0,0,0,0,dissociated
C80-4000K,80,4000,49.98,True,fire,0.0,0.1125,0.825,0.0625,0.0,0.0,0.9375,0.0625,0.0,0.0,78,7,0.3625,29 13 10 8 7 7 6,18.741,0.5002,0,,5,0,0,0,0,0,0,0,dissociated
C120-4000K,120,4000,49.97,True,fire,0.0,0.125,0.8,0.075,0.0,0.0,0.925,0.075,0.0,0.0,117,9,0.2583,31 16 15 13 10 10 9 8 8,25.046,0.5317,0,,5,0,0,0,0,0,0,0,dissociated
C160-4000K,160,4000,49.964,True,fire,0.0,0.1125,0.8125,0.075,0.0,0.0,0.925,0.075,0.0,0.0,157,12,0.15,24 19 18 17 17 14 14 10 9 6 6 6,23.736,0.5764,0,,9,0,0,0,0,0,0,0,dissociated
C373-4000K,373,4000,49.96,True,fire,0.0,0.1046,0.8231,0.067,0.0054,0.0,0.9276,0.067,0.0054,0.0056,368,19,0.437,163 43 20 20 18 15 13 11 9 8 8 7 7 6 6 6 5 4 4,31.244,0.5224,0,,14,0,0,0,0,0,0,0,dissociated
C686-4000K,686,4000,32.9,False,fire,0.0,0.0539,0.5015,0.4446,0.0,0.0,0.5554,0.4446,0.0,0.0,820,22,0.6385,438 34 24 22 19 16 15 14 13 11 10 9 8 8 8 7 6 6 5 5 5 3,20.726,0.4087,1,11.32,26,0,24,71,22,4,2,1,molten
C1000-4000K,1000,4000,29.938,False,fire,0.0,0.11,0.836,0.054,0.0,0.0,0.946,0.054,0.0,0.0,972,57,0.086,86 70 65 46 41 41 32 28 27 27 24 23 23 22 21 20 20 18 18 17 16 16 15 15 14 14 13 13 12 12 11 11 11 10 9 9 8 8 8 7 7 7 7 7 7 7 6 6 6 6 6 5 5 5 5 4 3,31.764,0.511,0,,27,0,0,0,0,0,0,0,dissociated
C40-5000K,40,5000,50.0,True,fire,0.0,0.35,0.65,0.0,0.0,0.0,1.0,0.0,0.0,0.0,33,7,0.175,7 6 6 6 6 5 4,22.28,0.4624,0,,0,0,0,0,0,0,0,0,dissociated
C60-5000K,60,5000,49.952,True,fire,0.0,0.2,0.7667,0.0333,0.0,0.0,0.9667,0.0333,0.0,0.0,55,7,0.3667,22 9 7 6 6 6 4,22.078,0.4719,0,,2,0,0,0,0,0,0,0,dissociated
C80-5000K,80,5000,49.98,True,fire,0.0,0.225,0.725,0.05,0.0,0.0,0.95,0.05,0.0,0.0,73,11,0.1375,11 10 10 8 7 7 7 6 5 5 4,25.095,0.455,0,,4,0,0,0,0,0,0,0,dissociated
C120-5000K,120,5000,49.97,True,fire,0.0,0.25,0.6833,0.0667,0.0,0.0,0.9333,0.0667,0.0,0.0,109,18,0.1,12 10 10 8 8 8 8 8 8 6 6 6 5 4 4 4 3 2,22.049,0.5409,0,,7,0,0,0,0,0,0,0,dissociated
C160-5000K,160,5000,49.964,True,fire,0.0,0.2625,0.675,0.0625,0.0,0.0,0.9375,0.0625,0.0,0.0,144,22,0.1062,17 15 13 12 9 9 8 8 7 7 6 6 6 6 6 5 5 4 4 3 2 2,23.84,0.5033,0,,6,0,0,0,0,0,0,0,dissociated
C373-5000K,373,5000,49.96,True,fire,0.0027,0.185,0.7158,0.0938,0.0027,0.0,0.9035,0.0938,0.0027,0.0029,356,42,0.0751,28 22 21 16 14 14 12 11 10 10 10 9 9 9 9 9 9 8 8 8 7 7 7 7 7 7 6 6 6 6 6 6 6 6 6 6 5 5 5 5 4 1,27.842,0.4862,0,,24,0,0,0,0,0,0,0,dissociated
C686-5000K,686,5000,50.0,True,fire,0.0,0.1968,0.6866,0.1152,0.0015,0.0,0.8834,0.1152,0.0015,0.0015,659,76,0.0423,29 29 29 26 26 19 18 15 14 14 14 13 13 13 13 12 12 11 11 11 10 10 10 9 9 9 9 9 9 8 8 8 8 8 8 8 8 7 7 7 7 7 7 7 6 6 6 6 6 6 6 6 6 5 5 5 5 5 5 5 5 5 4 4 4 4 4 4 4 3 3 3 3 3 3 2,29.902,0.4868,0,,47,1,0,0,0,0,0,0,dissociated
C1000-5000K,1000,5000,44.538,False,fire,0.0,0.192,0.714,0.094,0.0,0.0,0.906,0.094,0.0,0.0,951,98,0.038,38 38 30 29 26 25 24 21 20 19 19 18 15 15 15 15 14 14 14 14 13 13 13 13 12 12 12 12 12 12 11 11 11 11 11 11 10 10 10 10 9 9 9 9 9 9 8 8 8 8 8 8 7 7 7 7 7 7 7 7 7 7 7 7 7 7 6 6 6 6 6 6 6 6 6 6 6 5 5 5 5 5 5 5 5 5 4 4 4 3 3 3 3 3 3 2 2 2,34.023,0.5035,0,,46,1,0,0,0,0,0,0,dissociated
