run,shell_inner_radius_angstrom,number_density_per_angstrom3
C40-500K,0.0,0.00000
C40-500K,1.0,0.06821
C40-500K,2.0,0.15078
C40-500K,3.0,0.06452
C40-500K,4.0,0.05088
C40-500K,5.0,0.00787
C60-500K,0.0,0.00000
C60-500K,1.0,0.10231
C60-500K,2.0,0.08795
C60-500K,3.0,0.14195
C60-500K,4.0,0.07045
C60-500K,5.0,0.01836
C60-500K,6.0,0.00188
C60-500K,7.0,0.00141
C60-500K,8.0,0.00110
C80-500K,0.0,0.23873
C80-500K,1.0,0.10231
C80-500K,2.0,0.03769
C80-500K,3.0,0.12904
C80-500K,4.0,0.16437
C80-500K,5.0,0.02886
C120-500K,0.0,0.00000
C120-500K,1.0,0.13642
C120-500K,2.0,0.12565
C120-500K,3.0,0.06452
C120-500K,4.0,0.19177
C120-500K,5.0,0.10231
C120-500K,6.0,0.01504
C160-500K,0.0,0.00000
C160-500K,1.0,0.13642
C160-500K,2.0,0.12565
C160-500K,3.0,0.10324
C160-500K,4.0,0.10567
C160-500K,5.0,0.11281
C160-500K,6.0,0.09399
C160-500K,7.0,0.01130
C160-500K,8.0,0.00220
C373-500K,0.0,0.00000
C373-500K,1.0,0.17052
C373-500K,2.0,0.08795
C373-500K,3.0,0.10969
C373-500K,4.0,0.11741
C373-500K,5.0,0.11805
C373-500K,6.0,0.11091
C373-500K,7.0,0.15115
C373-500K,8.0,0.08251
C373-500K,9.0,0.02202
C373-500K,10.0,0.00216
C686-500K,0.0,0.00000
C686-500K,1.0,0.06821
C686-500K,2.0,0.16334
C686-500K,3.0,0.10324
C686-500K,4.0,0.06653
C686-500K,5.0,0.10231
C686-500K,6.0,0.14286
C686-500K,7.0,0.12714
C686-500K,8.0,0.07151
C686-500K,9.0,0.14535
C686-500K,10.0,0.08727
C686-500K,11.0,0.03127
C686-500K,12.0,0.00814
C686-500K,13.0,0.00524
C686-500K,14.0,0.00076
C1000-500K,0.0,0.00000
C1000-500K,1.0,0.17052
C1000-500K,2.0,0.12565
C1000-500K,3.0,0.10969
C1000-500K,4.0,0.13306
C1000-500K,5.0,0.11281
C1000-500K,6.0,0.10527
C1000-500K,7.0,0.13420
C1000-500K,8.0,0.13312
C1000-500K,9.0,0.10043
C1000-500K,10.0,0.11901
C1000-500K,11.0,0.14973
C1000-500K,12.0,0.03716
C1000-500K,13.0,0.00786
C40-1000K,0.0,0.00000
C40-1000K,1.0,0.06821
C40-1000K,2.0,0.10052
C40-1000K,3.0,0.11614
C40-1000K,4.0,0.03914
C40-1000K,5.0,0.00262
C40-1000K,6.0,0.00188
C60-1000K,0.0,0.23873
C60-1000K,1.0,0.03410
C60-1000K,2.0,0.01256
C60-1000K,3.0,0.20002
C60-1000K,4.0,0.07436
C60-1000K,5.0,0.01836
C80-1000K,0.0,0.23873
C80-1000K,1.0,0.06821
C80-1000K,2.0,0.02513
C80-1000K,3.0,0.05807
C80-1000K,4.0,0.13306
C80-1000K,5.0,0.07083
C80-1000K,6.0,0.00752
C80-1000K,7.0,0.00141
C120-1000K,0.0,0.00000
C120-1000K,1.0,0.30694
C120-1000K,2.0,0.02513
C120-1000K,3.0,0.03226
C120-1000K,4.0,0.26221
C120-1000K,5.0,0.09182
C120-1000K,6.0,0.00376
C160-1000K,0.0,0.00000
C160-1000K,1.0,0.23873
C160-1000K,2.0,0.12565
C160-1000K,3.0,0.07097
C160-1000K,4.0,0.17611
C160-1000K,5.0,0.16265
C160-1000K,6.0,0.03760
C160-1000K,7.0,0.00424
C160-1000K,8.0,0.00220
C373-1000K,0.0,0.23873
C373-1000K,1.0,0.06821
C373-1000K,2.0,0.11308
C373-1000K,3.0,0.09033
C373-1000K,4.0,0.12915
C373-1000K,5.0,0.10756
C373-1000K,6.0,0.11467
C373-1000K,7.0,0.15821
C373-1000K,8.0,0.08581
C373-1000K,9.0,0.01145
C373-1000K,10.0,0.00433
C373-1000K,11.0,0.00060
C373-1000K,12.0,0.00051
C373-1000K,13.0,0.00044
C686-1000K,0.0,0.00000
C686-1000K,1.0,0.13642
C686-1000K,2.0,0.15078
C686-1000K,3.0,0.08388
C686-1000K,4.0,0.09784
C686-1000K,5.0,0.09444
C686-1000K,6.0,0.14286
C686-1000K,7.0,0.12149
C686-1000K,8.0,0.08141
C686-1000K,9.0,0.15152
C686-1000K,10.0,0.09665
C686-1000K,11.0,0.02465
C686-1000K,12.0,0.00611
C686-1000K,13.0,0.00044
C1000-1000K,0.0,0.00000
C1000-1000K,1.0,0.17052
C1000-1000K,2.0,0.07539
C1000-1000K,3.0,0.10324
C1000-1000K,4.0,0.14089
C1000-1000K,5.0,0.12330
C1000-1000K,6.0,0.09775
C1000-1000K,7.0,0.14409
C1000-1000K,8.0,0.13862
C1000-1000K,9.0,0.08721
C1000-1000K,10.0,0.13920
C1000-1000K,11.0,0.14372
C1000-1000K,12.0,0.03767
C1000-1000K,13.0,0.00218
C40-2000K,0.0,0.00000
C40-2000K,1.0,0.00000
C40-2000K,2.0,0.05026
C40-2000K,3.0,0.01290
C40-2000K,4.0,0.01174
C40-2000K,5.0,0.00262
C40-2000K,6.0,0.00188
C40-2000K,7.0,0.00283
C40-2000K,8.0,0.00220
C40-2000K,9.0,0.00176
C40-2000K,10.0,0.00144
C40-2000K,11.0,0.00120
C40-2000K,12.0,0.00051
C40-2000K,13.0,0.00044
C40-2000K,14.0,0.00189
C40-2000K,15.0,0.00265
C40-2000K,16.0,0.00058
C40-2000K,17.0,0.00026
C40-2000K,18.0,0.00023
C60-2000K,0.0,0.00000
C60-2000K,1.0,0.00000
C60-2000K,2.0,0.16334
C60-2000K,3.0,0.19357
C60-2000K,4.0,0.04696
C60-2000K,5.0,0.00525
C60-2000K,6.0,0.00376
C60-2000K,7.0,0.00000
C60-2000K,8.0,0.00110
C80-2000K,0.0,0.23873
C80-2000K,1.0,0.06821
C80-2000K,2.0,0.08795
C80-2000K,3.0,0.23873
C80-2000K,4.0,0.07436
C80-2000K,5.0,0.02099
C80-2000K,6.0,0.00564
C80-2000K,7.0,0.00141
C80-2000K,8.0,0.00110
C80-2000K,9.0,0.00088
C120-2000K,0.0,0.00000
C120-2000K,1.0,0.23873
C120-2000K,2.0,0.07539
C120-2000K,3.0,0.04517
C120-2000K,4.0,0.25047
C120-2000K,5.0,0.07346
C120-2000K,6.0,0.01128
C120-2000K,7.0,0.00141
C120-2000K,8.0,0.00110
C160-2000K,0.0,0.23873
C160-2000K,1.0,0.17052
C160-2000K,2.0,0.10052
C160-2000K,3.0,0.13550
C160-2000K,4.0,0.12915
C160-2000K,5.0,0.12068
C160-2000K,6.0,0.05827
C160-2000K,7.0,0.00141
C160-2000K,8.0,0.00330
C160-2000K,9.0,0.00264
C160-2000K,10.0,0.00072
C160-2000K,11.0,0.00060
C160-2000K,12.0,0.00102
C160-2000K,13.0,0.00131
C160-2000K,14.0,0.00038
C373-2000K,0.0,0.00000
C373-2000K,1.0,0.00000
C373-2000K,2.0,0.01256
C373-2000K,3.0,0.16776
C373-2000K,4.0,0.14872
C373-2000K,5.0,0.05509
C373-2000K,6.0,0.09587
C373-2000K,7.0,0.20624
C373-2000K,8.0,0.08141
C373-2000K,9.0,0.00440
C373-2000K,10.0,0.00361
C373-2000K,11.0,0.00180
C373-2000K,12.0,0.00051
C373-2000K,13.0,0.00044
C373-2000K,14.0,0.00038
C686-2000K,0.0,0.00000
C686-2000K,1.0,0.20463
C686-2000K,2.0,0.06282
C686-2000K,3.0,0.08388
C686-2000K,4.0,0.03914
C686-2000K,5.0,0.09707
C686-2000K,6.0,0.19174
C686-2000K,7.0,0.06639
C686-2000K,8.0,0.05281
C686-2000K,9.0,0.23785
C686-2000K,10.0,0.08943
C686-2000K,11.0,0.00902
C686-2000K,12.0,0.00204
C686-2000K,13.0,0.00218
C1000-2000K,0.0,0.00000
C1000-2000K,1.0,0.06821
C1000-2000K,2.0,0.01256
C1000-2000K,3.0,0.07743
C1000-2000K,4.0,0.14480
C1000-2000K,5.0,0.06821
C1000-2000K,6.0,0.05263
C1000-2000K,7.0,0.13420
C1000-2000K,8.0,0.17492
C1000-2000K,9.0,0.05550
C1000-2000K,10.0,0.11468
C1000-2000K,11.0,0.18461
C1000-2000K,12.0,0.04988
C1000-2000K,13.0,0.00567
C40-3000K,0.0,0.00000
C40-3000K,1.0,0.03410
C40-3000K,2.0,0.03769
C40-3000K,3.0,0.01290
C40-3000K,4.0,0.00391
C40-3000K,5.0,0.00525
C40-3000K,6.0,0.00376
C40-3000K,7.0,0.00283
C40-3000K,8.0,0.00220
C40-3000K,9.0,0.00617
C40-3000K,10.0,0.00216
C40-3000K,11.0,0.00301
C40-3000K,12.0,0.00051
C40-3000K,13.0,0.00044
C40-3000K,14.0,0.00038
C40-3000K,15.0,0.00033
C40-3000K,16.0,0.00000
C40-3000K,17.0,0.00000
C40-3000K,18.0,0.00000
C40-3000K,19.0,0.00000
C40-3000K,20.0,0.00000
C40-3000K,21.0,0.00000
C40-3000K,22.0,0.00000
C40-3000K,23.0,0.00000
C40-3000K,24.0,0.00000
C40-3000K,25.0,0.00000
C40-3000K,26.0,0.00011
C40-3000K,27.0,0.00021
C40-3000K,28.0,0.00000
C40-3000K,29.0,0.00009
C40-3000K,30.0,0.00017
C60-3000K,0.0,0.00000
C60-3000K,1.0,0.00000
C60-3000K,2.0,0.03769
C60-3000K,3.0,0.01290
C60-3000K,4.0,0.01565
C60-3000K,5.0,0.01312
C60-3000K,6.0,0.00376
C60-3000K,7.0,0.00424
C60-3000K,8.0,0.00110
C60-3000K,9.0,0.00088
C60-3000K,10.0,0.00144
C60-3000K,11.0,0.00060
C60-3000K,12.0,0.00000
C60-3000K,13.0,0.00087
C60-3000K,14.0,0.00000
C60-3000K,15.0,0.00066
C60-3000K,16.0,0.00029
C60-3000K,17.0,0.00026
C60-3000K,18.0,0.00023
C60-3000K,19.0,0.00042
C60-3000K,20.0,0.00019
C60-3000K,21.0,0.00034
C60-3000K,22.0,0.00000
C60-3000K,23.0,0.00029
C60-3000K,24.0,0.00013
C60-3000K,25.0,0.00012
C60-3000K,26.0,0.00000
C60-3000K,27.0,0.00053
C60-3000K,28.0,0.00010
C60-3000K,29.0,0.00000
C60-3000K,30.0,0.00000
C60-3000K,31.0,0.00000
C60-3000K,32.0,0.00000
C60-3000K,33.0,0.00000
C60-3000K,34.0,0.00000
C60-3000K,35.0,0.00000
C60-3000K,36.0,0.00000
C60-3000K,37.0,0.00040
C60-3000K,38.0,0.00011
C60-3000K,39.0,0.00005
C60-3000K,40.0,0.00005
C60-3000K,41.0,0.00005
C60-3000K,42.0,0.00004
C60-3000K,43.0,0.00004
C80-3000K,0.0,0.00000
C80-3000K,1.0,0.00000
C80-3000K,2.0,0.05026
C80-3000K,3.0,0.01936
C80-3000K,4.0,0.01174
C80-3000K,5.0,0.00000
C80-3000K,6.0,0.00376
C80-3000K,7.0,0.00283
C80-3000K,8.0,0.00220
C80-3000K,9.0,0.00088
C80-3000K,10.0,0.00072
C80-3000K,11.0,0.00120
C80-3000K,12.0,0.00102
C80-3000K,13.0,0.00087
C80-3000K,14.0,0.00076
C80-3000K,15.0,0.00066
C80-3000K,16.0,0.00058
C80-3000K,17.0,0.00052
C80-3000K,18.0,0.00046
C80-3000K,19.0,0.00042
C80-3000K,20.0,0.00019
C80-3000K,21.0,0.00034
C80-3000K,22.0,0.00047
C80-3000K,23.0,0.00043
C80-3000K,24.0,0.00013
C80-3000K,25.0,0.00000
C80-3000K,26.0,0.00000
C80-3000K,27.0,0.00000
C80-3000K,28.0,0.00000
C80-3000K,29.0,0.00000
C80-3000K,30.0,0.00000
C80-3000K,31.0,0.00000
C80-3000K,32.0,0.00000
C80-3000K,33.0,0.00000
C80-3000K,34.0,0.00000
C80-3000K,35.0,0.00000
C80-3000K,36.0,0.00000
C80-3000K,37.0,0.00000
C80-3000K,38.0,0.00000
C80-3000K,39.0,0.00000
C80-3000K,40.0,0.00000
C80-3000K,41.0,0.00000
C80-3000K,42.0,0.00000
C80-3000K,43.0,0.00000
C80-3000K,44.0,0.00000
C80-3000K,45.0,0.00000
C80-3000K,46.0,0.00004
C80-3000K,47.0,0.00011
C80-3000K,48.0,0.00003
C80-3000K,49.0,0.00003
C80-3000K,50.0,0.00003
C80-3000K,51.0,0.00003
C80-3000K,52.0,0.00006
C80-3000K,53.0,0.00008
C80-3000K,54.0,0.00005
C80-3000K,55.0,0.00003
C80-3000K,56.0,0.00000
C80-3000K,57.0,0.00002
C80-3000K,58.0,0.00002
C80-3000K,59.0,0.00002
C80-3000K,60.0,0.00002
C80-3000K,61.0,0.00002
C80-3000K,62.0,0.00006
C80-3000K,63.0,0.00008
C80-3000K,64.0,0.00011
C120-3000K,0.0,0.00000
C120-3000K,1.0,0.30694
C120-3000K,2.0,0.03769
C120-3000K,3.0,0.01290
C120-3000K,4.0,0.33657
C120-3000K,5.0,0.03673
C120-3000K,6.0,0.00000
C120-3000K,7.0,0.00000
C120-3000K,8.0,0.00000
C120-3000K,9.0,0.00000
C120-3000K,10.0,0.00000
C120-3000K,11.0,0.00000
C120-3000K,12.0,0.00000
C120-3000K,13.0,0.00000
C120-3000K,14.0,0.00000
C120-3000K,15.0,0.00000
C120-3000K,16.0,0.00000
C120-3000K,17.0,0.00000
C120-3000K,18.0,0.00000
C120-3000K,19.0,0.00000
C120-3000K,20.0,0.00000
C120-3000K,21.0,0.00000
C120-3000K,22.0,0.00000
C120-3000K,23.0,0.00000
C120-3000K,24.0,0.00000
C120-3000K,25.0,0.00000
C120-3000K,26.0,0.00000
C120-3000K,27.0,0.00000
C120-3000K,28.0,0.00000
C120-3000K,29.0,0.00000
C120-3000K,30.0,0.00000
C120-3000K,31.0,0.00000
C120-3000K,32.0,0.00000
C120-3000K,33.0,0.00007
C120-3000K,34.0,0.00007
C120-3000K,35.0,0.00006
C120-3000K,36.0,0.00006
C120-3000K,37.0,0.00006
C120-3000K,38.0,0.00005
C160-3000K,0.0,0.00000
C160-3000K,1.0,0.17052
C160-3000K,2.0,0.07539
C160-3000K,3.0,0.07097
C160-3000K,4.0,0.12915
C160-3000K,5.0,0.14691
C160-3000K,6.0,0.08459
C160-3000K,7.0,0.00565
C373-3000K,0.0,0.00000
C373-3000K,1.0,0.00000
C373-3000K,2.0,0.00000
C373-3000K,3.0,0.04517
C373-3000K,4.0,0.18394
C373-3000K,5.0,0.07083
C373-3000K,6.0,0.03760
C373-3000K,7.0,0.22461
C373-3000K,8.0,0.11992
C373-3000K,9.0,0.00000
C373-3000K,10.0,0.00000
C373-3000K,11.0,0.00000
C373-3000K,12.0,0.00000
C373-3000K,13.0,0.00000
C373-3000K,14.0,0.00000
C373-3000K,15.0,0.00000
C373-3000K,16.0,0.00000
C373-3000K,17.0,0.00000
C373-3000K,18.0,0.00000
C373-3000K,19.0,0.00000
C373-3000K,20.0,0.00000
C373-3000K,21.0,0.00000
C373-3000K,22.0,0.00000
C373-3000K,23.0,0.00000
C373-3000K,24.0,0.00000
C373-3000K,25.0,0.00000
C373-3000K,26.0,0.00000
C373-3000K,27.0,0.00000
C373-3000K,28.0,0.00000
C373-3000K,29.0,0.00000
C373-3000K,30.0,0.00026
C373-3000K,31.0,0.00008
C686-3000K,0.0,0.00000
C686-3000K,1.0,0.06821
C686-3000K,2.0,0.07539
C686-3000K,3.0,0.05162
C686-3000K,4.0,0.05479
C686-3000K,5.0,0.06821
C686-3000K,6.0,0.09211
C686-3000K,7.0,0.10736
C686-3000K,8.0,0.07151
C686-3000K,9.0,0.11364
C686-3000K,10.0,0.11684
C686-3000K,11.0,0.05953
C686-3000K,12.0,0.01273
C686-3000K,13.0,0.00218
C686-3000K,14.0,0.00076
C686-3000K,15.0,0.00066
C686-3000K,16.0,0.00058
C686-3000K,17.0,0.00078
C686-3000K,18.0,0.00046
C686-3000K,19.0,0.00021
C686-3000K,20.0,0.00057
C686-3000K,21.0,0.00017
C686-3000K,22.0,0.00016
C686-3000K,23.0,0.00014
C686-3000K,24.0,0.00013
C686-3000K,25.0,0.00012
C1000-3000K,0.0,0.00000
C1000-3000K,1.0,0.00000
C1000-3000K,2.0,0.06282
C1000-3000K,3.0,0.15485
C1000-3000K,4.0,0.07827
C1000-3000K,5.0,0.03410
C1000-3000K,6.0,0.07895
C1000-3000K,7.0,0.12149
C1000-3000K,8.0,0.10121
C1000-3000K,9.0,0.07488
C1000-3000K,10.0,0.10458
C1000-3000K,11.0,0.15815
C1000-3000K,12.0,0.07992
C1000-3000K,13.0,0.02008
C1000-3000K,14.0,0.00530
C1000-3000K,15.0,0.00132
C1000-3000K,16.0,0.00058
C1000-3000K,17.0,0.00026
C1000-3000K,18.0,0.00023
C40-4000K,0.0,0.00000
C40-4000K,1.0,0.03410
C40-4000K,2.0,0.05026
C40-4000K,3.0,0.01290
C40-4000K,4.0,0.00783
C40-4000K,5.0,0.00525
C40-4000K,6.0,0.00376
C40-4000K,7.0,0.00283
C40-4000K,8.0,0.00000
C40-4000K,9.0,0.00000
C40-4000K,10.0,0.00000
C40-4000K,11.0,0.00000
C40-4000K,12.0,0.00000
C40-4000K,13.0,0.00000
C40-4000K,14.0,0.00000
C40-4000K,15.0,0.00000
C40-4000K,16.0,0.00000
C40-4000K,17.0,0.00000
C40-4000K,18.0,0.00000
C40-4000K,19.0,0.00000
C40-4000K,20.0,0.00000
C40-4000K,21.0,0.00000
C40-4000K,22.0,0.00000
C40-4000K,23.0,0.00101
C40-4000K,24.0,0.00053
C40-4000K,25.0,0.00012
C40-4000K,26.0,0.00000
C40-4000K,27.0,0.00000
C40-4000K,28.0,0.00000
C40-4000K,29.0,0.00000
C40-4000K,30.0,0.00026
C40-4000K,31.0,0.00008
C40-4000K,32.0,0.00008
C40-4000K,33.0,0.00007
C40-4000K,34.0,0.00007
C40-4000K,35.0,0.00006
C40-4000K,36.0,0.00006
C40-4000K,37.0,0.00006
C40-4000K,38.0,0.00005
C40-4000K,39.0,0.00005
C40-4000K,40.0,0.00005
C60-4000K,0.0,0.00000
C60-4000K,1.0,0.03410
C60-4000K,2.0,0.05026
C60-4000K,3.0,0.01936
C60-4000K,4.0,0.00391
C60-4000K,5.0,0.00525
C60-4000K,6.0,0.00564
C60-4000K,7.0,0.00141
C60-4000K,8.0,0.00000
C60-4000K,9.0,0.00000
C60-4000K,10.0,0.00000
C60-4000K,11.0,0.00000
C60-4000K,12.0,0.00000
C60-4000K,13.0,0.00000
C60-4000K,14.0,0.00000
C60-4000K,15.0,0.00166
C60-4000K,16.0,0.00117
C60-4000K,17.0,0.00000
C60-4000K,18.0,0.00000
C60-4000K,19.0,0.00000
C60-4000K,20.0,0.00000
C60-4000K,21.0,0.00000
C60-4000K,22.0,0.00000
C60-4000K,23.0,0.00014
C60-4000K,24.0,0.00027
C60-4000K,25.0,0.00012
C60-4000K,26.0,0.00011
C60-4000K,27.0,0.00032
C60-4000K,28.0,0.00059
C60-4000K,29.0,0.00009
C60-4000K,30.0,0.00026
C60-4000K,31.0,0.00000
C60-4000K,32.0,0.00038
C60-4000K,33.0,0.00007
C60-4000K,34.0,0.00000
C60-4000K,35.0,0.00000
C60-4000K,36.0,0.00000
C60-4000K,37.0,0.00000
C60-4000K,38.0,0.00000
C60-4000K,39.0,0.00000
C60-4000K,40.0,0.00000
C60-4000K,41.0,0.00005
C60-4000K,42.0,0.00004
C60-4000K,43.0,0.00000
C60-4000K,44.0,0.00004
C60-4000K,45.0,0.00000
C60-4000K,46.0,0.00000
C60-4000K,47.0,0.00000
C60-4000K,48.0,0.00000
C60-4000K,49.0,0.00000
C60-4000K,50.0,0.00000
C60-4000K,51.0,0.00000
C60-4000K,52.0,0.00000
C60-4000K,53.0,0.00000
C60-4000K,54.0,0.00000
C60-4000K,55.0,0.00000
C60-4000K,56.0,0.00000
C60-4000K,57.0,0.00002
C60-4000K,58.0,0.00005
C60-4000K,59.0,0.00002
C60-4000K,60.0,0.00007
C60-4000K,61.0,0.00004
C80-4000K,0.0,0.00000
C80-4000K,1.0,0.06821
C80-4000K,2.0,0.06282
C80-4000K,3.0,0.02581
C80-4000K,4.0,0.01957
C80-4000K,5.0,0.01049
C80-4000K,6.0,0.00940
C80-4000K,7.0,0.00141
C80-4000K,8.0,0.00110
C80-4000K,9.0,0.00176
C80-4000K,10.0,0.00000
C80-4000K,11.0,0.00000
C80-4000K,12.0,0.00000
C80-4000K,13.0,0.00000
C80-4000K,14.0,0.00000
C80-4000K,15.0,0.00000
C80-4000K,16.0,0.00029
C80-4000K,17.0,0.00208
C80-4000K,18.0,0.00139
C80-4000K,19.0,0.00084
C80-4000K,20.0,0.00095
C80-4000K,21.0,0.00069
C80-4000K,22.0,0.00047
C80-4000K,23.0,0.00000
C80-4000K,24.0,0.00027
C80-4000K,25.0,0.00012
C80-4000K,26.0,0.00011
C80-4000K,27.0,0.00021
C80-4000K,28.0,0.00010
C80-4000K,29.0,0.00000
C80-4000K,30.0,0.00000
C80-4000K,31.0,0.00000
C80-4000K,32.0,0.00000
C80-4000K,33.0,0.00000
C80-4000K,34.0,0.00000
C80-4000K,35.0,0.00013
C80-4000K,36.0,0.00018
C80-4000K,37.0,0.00023
C80-4000K,38.0,0.00011
C80-4000K,39.0,0.00010
C120-4000K,0.0,0.00000
C120-4000K,1.0,0.03410
C120-4000K,2.0,0.03769
C120-4000K,3.0,0.01290
C120-4000K,4.0,0.00783
C120-4000K,5.0,0.00525
C120-4000K,6.0,0.00376
C120-4000K,7.0,0.00565
C120-4000K,8.0,0.00550
C120-4000K,9.0,0.00705
C120-4000K,10.0,0.00216
C120-4000K,11.0,0.00120
C120-4000K,12.0,0.00051
C120-4000K,13.0,0.00044
C120-4000K,14.0,0.00038
C120-4000K,15.0,0.00033
C120-4000K,16.0,0.00000
C120-4000K,17.0,0.00026
C120-4000K,18.0,0.00023
C120-4000K,19.0,0.00021
C120-4000K,20.0,0.00000
C120-4000K,21.0,0.00034
C120-4000K,22.0,0.00031
C120-4000K,23.0,0.00029
C120-4000K,24.0,0.00013
C120-4000K,25.0,0.00012
C120-4000K,26.0,0.00011
C120-4000K,27.0,0.00011
C120-4000K,28.0,0.00000
C120-4000K,29.0,0.00000
C120-4000K,30.0,0.00000
C120-4000K,31.0,0.00000
C120-4000K,32.0,0.00000
C120-4000K,33.0,0.00035
C120-4000K,34.0,0.00013
C120-4000K,35.0,0.00019
C120-4000K,36.0,0.00048
C120-4000K,37.0,0.00045
C120-4000K,38.0,0.00021
C120-4000K,39.0,0.00026
C120-4000K,40.0,0.00019
C120-4000K,41.0,0.00014
C120-4000K,42.0,0.00009
C120-4000K,43.0,0.00004
C120-4000K,44.0,0.00004
C120-4000K,45.0,0.00008
C120-4000K,46.0,0.00000
C120-4000K,47.0,0.00000
C120-4000K,48.0,0.00000
C120-4000K,49.0,0.00000
C120-4000K,50.0,0.00000
C120-4000K,51.0,0.00000
C120-4000K,52.0,0.00000
C120-4000K,53.0,0.00003
C120-4000K,54.0,0.00003
C120-4000K,55.0,0.00008
C120-4000K,56.0,0.00007
C120-4000K,57.0,0.00000
C120-4000K,58.0,0.00000
C120-4000K,59.0,0.00009
C120-4000K,60.0,0.00009
C120-4000K,61.0,0.00002
C120-4000K,62.0,0.00008
C160-4000K,0.0,0.00000
C160-4000K,1.0,0.06821
C160-4000K,2.0,0.02513
C160-4000K,3.0,0.01290
C160-4000K,4.0,0.00783
C160-4000K,5.0,0.00525
C160-4000K,6.0,0.00564
C160-4000K,7.0,0.00565
C160-4000K,8.0,0.00220
C160-4000K,9.0,0.00176
C160-4000K,10.0,0.00072
C160-4000K,11.0,0.00060
C160-4000K,12.0,0.00102
C160-4000K,13.0,0.00131
C160-4000K,14.0,0.00076
C160-4000K,15.0,0.00066
C160-4000K,16.0,0.00058
C160-4000K,17.0,0.00026
C160-4000K,18.0,0.00046
C160-4000K,19.0,0.00084
C160-4000K,20.0,0.00189
C160-4000K,21.0,0.00069
C160-4000K,22.0,0.00204
C160-4000K,23.0,0.00216
C160-4000K,24.0,0.00146
C160-4000K,25.0,0.00147
C160-4000K,26.0,0.00113
C160-4000K,27.0,0.00063
C160-4000K,28.0,0.00069
C160-4000K,29.0,0.00055
C160-4000K,30.0,0.00017
C160-4000K,31.0,0.00016
C160-4000K,32.0,0.00015
C160-4000K,33.0,0.00014
C160-4000K,34.0,0.00027
C160-4000K,35.0,0.00025
C160-4000K,36.0,0.00006
C160-4000K,37.0,0.00011
C160-4000K,38.0,0.00000
C160-4000K,39.0,0.00000
C160-4000K,40.0,0.00000
C160-4000K,41.0,0.00000
C160-4000K,42.0,0.00000
C160-4000K,43.0,0.00004
C160-4000K,44.0,0.00008
C160-4000K,45.0,0.00008
C160-4000K,46.0,0.00004
C373-4000K,0.0,0.00000
C373-4000K,1.0,0.00000
C373-4000K,2.0,0.02513
C373-4000K,3.0,0.01290
C373-4000K,4.0,0.00783
C373-4000K,5.0,0.03410
C373-4000K,6.0,0.01316
C373-4000K,7.0,0.00848
C373-4000K,8.0,0.00770
C373-4000K,9.0,0.00529
C373-4000K,10.0,0.00865
C373-4000K,11.0,0.00782
C373-4000K,12.0,0.00560
C373-4000K,13.0,0.00218
C373-4000K,14.0,0.00265
C373-4000K,15.0,0.00265
C373-4000K,16.0,0.00234
C373-4000K,17.0,0.00182
C373-4000K,18.0,0.00093
C373-4000K,19.0,0.00084
C373-4000K,20.0,0.00038
C373-4000K,21.0,0.00052
C373-4000K,22.0,0.00157
C373-4000K,23.0,0.00101
C373-4000K,24.0,0.00066
C373-4000K,25.0,0.00024
C373-4000K,26.0,0.00057
C373-4000K,27.0,0.00042
C373-4000K,28.0,0.00078
C373-4000K,29.0,0.00091
C373-4000K,30.0,0.00077
C373-4000K,31.0,0.00072
C373-4000K,32.0,0.00060
C373-4000K,33.0,0.00057
C373-4000K,34.0,0.00020
C373-4000K,35.0,0.00057
C373-4000K,36.0,0.00048
C373-4000K,37.0,0.00045
C373-4000K,38.0,0.00016
C373-4000K,39.0,0.00041
C373-4000K,40.0,0.00073
C373-4000K,41.0,0.00037
C373-4000K,42.0,0.00022
C373-4000K,43.0,0.00013
C373-4000K,44.0,0.00020
C373-4000K,45.0,0.00019
C373-4000K,46.0,0.00011
C373-4000K,47.0,0.00004
C373-4000K,48.0,0.00000
C373-4000K,49.0,0.00000
C373-4000K,50.0,0.00006
C373-4000K,51.0,0.00009
C373-4000K,52.0,0.00003
C373-4000K,53.0,0.00003
C373-4000K,54.0,0.00003
C373-4000K,55.0,0.00003
C373-4000K,56.0,0.00002
C373-4000K,57.0,0.00002
C373-4000K,58.0,0.00002
C373-4000K,59.0,0.00002
C373-4000K,60.0,0.00004
C373-4000K,61.0,0.00008
C373-4000K,62.0,0.00016
C373-4000K,63.0,0.00012
C373-4000K,64.0,0.00013
C373-4000K,65.0,0.00007
C373-4000K,66.0,0.00004
C373-4000K,67.0,0.00000
C373-4000K,68.0,0.00002
C373-4000K,69.0,0.00000
C373-4000K,70.0,0.00005
C373-4000K,71.0,0.00011
C373-4000K,72.0,0.00005
C373-4000K,73.0,0.00004
C373-4000K,74.0,0.00004
C373-4000K,75.0,0.00004
C373-4000K,76.0,0.00007
C373-4000K,77.0,0.00001
C686-4000K,0.0,0.00000
C686-4000K,1.0,0.00000
C686-4000K,2.0,0.00000
C686-4000K,3.0,0.00000
C686-4000K,4.0,0.00000
C686-4000K,5.0,0.01836
C686-4000K,6.0,0.01880
C686-4000K,7.0,0.06074
C686-4000K,8.0,0.06161
C686-4000K,9.0,0.06695
C686-4000K,10.0,0.04183
C686-4000K,11.0,0.03728
C686-4000K,12.0,0.01731
C686-4000K,13.0,0.01091
C686-4000K,14.0,0.00908
C686-4000K,15.0,0.00397
C686-4000K,16.0,0.00438
C686-4000K,17.0,0.00260
C686-4000K,18.0,0.00302
C686-4000K,19.0,0.00209
C686-4000K,20.0,0.00057
C686-4000K,21.0,0.00052
C686-4000K,22.0,0.00079
C686-4000K,23.0,0.00115
C686-4000K,24.0,0.00146
C686-4000K,25.0,0.00122
C686-4000K,26.0,0.00204
C686-4000K,27.0,0.00210
C686-4000K,28.0,0.00118
C686-4000K,29.0,0.00146
C686-4000K,30.0,0.00137
C686-4000K,31.0,0.00144
C686-4000K,32.0,0.00136
C686-4000K,33.0,0.00071
C686-4000K,34.0,0.00080
C686-4000K,35.0,0.00032
C686-4000K,36.0,0.00030
C686-4000K,37.0,0.00028
C686-4000K,38.0,0.00043
C686-4000K,39.0,0.00036
C686-4000K,40.0,0.00015
C686-4000K,41.0,0.00005
C686-4000K,42.0,0.00004
C686-4000K,43.0,0.00004
C686-4000K,44.0,0.00004
C686-4000K,45.0,0.00012
C686-4000K,46.0,0.00011
C686-4000K,47.0,0.00011
C686-4000K,48.0,0.00003
C686-4000K,49.0,0.00003
C686-4000K,50.0,0.00003
C686-4000K,51.0,0.00003
C686-4000K,52.0,0.00003
C1000-4000K,0.0,0.00000
C1000-4000K,1.0,0.00000
C1000-4000K,2.0,0.01256
C1000-4000K,3.0,0.01936
C1000-4000K,4.0,0.00783
C1000-4000K,5.0,0.00262
C1000-4000K,6.0,0.00564
C1000-4000K,7.0,0.01978
C1000-4000K,8.0,0.00990
C1000-4000K,9.0,0.01057
C1000-4000K,10.0,0.00361
C1000-4000K,11.0,0.00421
C1000-4000K,12.0,0.00305
C1000-4000K,13.0,0.00436
C1000-4000K,14.0,0.00643
C1000-4000K,15.0,0.00596
C1000-4000K,16.0,0.00584
C1000-4000K,17.0,0.00416
C1000-4000K,18.0,0.00511
C1000-4000K,19.0,0.00565
C1000-4000K,20.0,0.00341
C1000-4000K,21.0,0.00344
C1000-4000K,22.0,0.00299
C1000-4000K,23.0,0.00303
C1000-4000K,24.0,0.00331
C1000-4000K,25.0,0.00330
C1000-4000K,26.0,0.00340
C1000-4000K,27.0,0.00452
C1000-4000K,28.0,0.00284
C1000-4000K,29.0,0.00219
C1000-4000K,30.0,0.00231
C1000-4000K,31.0,0.00176
C1000-4000K,32.0,0.00136
C1000-4000K,33.0,0.00135
C1000-4000K,34.0,0.00167
C1000-4000K,35.0,0.00221
C1000-4000K,36.0,0.00221
C1000-4000K,37.0,0.00215
C1000-4000K,38.0,0.00161
C1000-4000K,39.0,0.00117
C1000-4000K,40.0,0.00175
C1000-4000K,41.0,0.00166
C1000-4000K,42.0,0.00079
C1000-4000K,43.0,0.00067
C1000-4000K,44.0,0.00044
C1000-4000K,45.0,0.00046
C1000-4000K,46.0,0.00044
C1000-4000K,47.0,0.00056
C1000-4000K,48.0,0.00030
C1000-4000K,49.0,0.00013
C1000-4000K,50.0,0.00019
C1000-4000K,51.0,0.00024
C1000-4000K,52.0,0.00020
C1000-4000K,53.0,0.00025
C1000-4000K,54.0,0.00027
C1000-4000K,55.0,0.00039
C1000-4000K,56.0,0.00030
C1000-4000K,57.0,0.00010
C1000-4000K,58.0,0.00014
C1000-4000K,59.0,0.00011
C1000-4000K,60.0,0.00011
C1000-4000K,61.0,0.00004
C1000-4000K,62.0,0.00012
C1000-4000K,63.0,0.00008
C1000-4000K,64.0,0.00010
C1000-4000K,65.0,0.00002
C1000-4000K,66.0,0.00004
C40-5000K,0.0,0.23873
C40-5000K,1.0,0.06821
C40-5000K,2.0,0.02513
C40-5000K,3.0,0.01290
C40-5000K,4.0,0.00000
C40-5000K,5.0,0.00000
C40-5000K,6.0,0.00000
C40-5000K,7.0,0.00000
C40-5000K,8.0,0.00000
C40-5000K,9.0,0.00000
C40-5000K,10.0,0.00000
C40-5000K,11.0,0.00000
C40-5000K,12.0,0.00000
C40-5000K,13.0,0.00000
C40-5000K,14.0,0.00000
C40-5000K,15.0,0.00000
C40-5000K,16.0,0.00000
C40-5000K,17.0,0.00000
C40-5000K,18.0,0.00000
C40-5000K,19.0,0.00000
C40-5000K,20.0,0.00057
C40-5000K,21.0,0.00017
C40-5000K,22.0,0.00031
C40-5000K,23.0,0.00014
C40-5000K,24.0,0.00040
C40-5000K,25.0,0.00024
C40-5000K,26.0,0.00000
C40-5000K,27.0,0.00000
C40-5000K,28.0,0.00000
C40-5000K,29.0,0.00000
C40-5000K,30.0,0.00000
C40-5000K,31.0,0.00000
C40-5000K,32.0,0.00015
C40-5000K,33.0,0.00007
C40-5000K,34.0,0.00007
C40-5000K,35.0,0.00000
C40-5000K,36.0,0.00036
C40-5000K,37.0,0.00000
C40-5000K,38.0,0.00000
C40-5000K,39.0,0.00000
C40-5000K,40.0,0.00015
C40-5000K,41.0,0.00005
C40-5000K,42.0,0.00004
C40-5000K,43.0,0.00000
C40-5000K,44.0,0.00000
C40-5000K,45.0,0.00000
C40-5000K,46.0,0.00000
C40-5000K,47.0,0.00004
C40-5000K,48.0,0.00003
C40-5000K,49.0,0.00006
C40-5000K,50.0,0.00003
C40-5000K,51.0,0.00003
C60-5000K,0.0,0.00000
C60-5000K,1.0,0.00000
C60-5000K,2.0,0.00000
C60-5000K,3.0,0.02581
C60-5000K,4.0,0.02348
C60-5000K,5.0,0.00525
C60-5000K,6.0,0.00376
C60-5000K,7.0,0.00283
C60-5000K,8.0,0.00440
C60-5000K,9.0,0.00440
C60-5000K,10.0,0.00144
C60-5000K,11.0,0.00060
C60-5000K,12.0,0.00051
C60-5000K,13.0,0.00000
C60-5000K,14.0,0.00000
C60-5000K,15.0,0.00000
C60-5000K,16.0,0.00000
C60-5000K,17.0,0.00000
C60-5000K,18.0,0.00000
C60-5000K,19.0,0.00000
C60-5000K,20.0,0.00000
C60-5000K,21.0,0.00000
C60-5000K,22.0,0.00000
C60-5000K,23.0,0.00000
C60-5000K,24.0,0.00000
C60-5000K,25.0,0.00073
C60-5000K,26.0,0.00000
C60-5000K,27.0,0.00000
C60-5000K,28.0,0.00000
C60-5000K,29.0,0.00000
C60-5000K,30.0,0.00009
C60-5000K,31.0,0.00024
C60-5000K,32.0,0.00000
C60-5000K,33.0,0.00000
C60-5000K,34.0,0.00000
C60-5000K,35.0,0.00000
C60-5000K,36.0,0.00000
C60-5000K,37.0,0.00011
C60-5000K,38.0,0.00005
C60-5000K,39.0,0.00000
C60-5000K,40.0,0.00015
C60-5000K,41.0,0.00014
C60-5000K,42.0,0.00000
C60-5000K,43.0,0.00000
C60-5000K,44.0,0.00000
C60-5000K,45.0,0.00008
C60-5000K,46.0,0.00011
C60-5000K,47.0,0.00007
C60-5000K,48.0,0.00010
C60-5000K,49.0,0.00000
C60-5000K,50.0,0.00006
C80-5000K,0.0,0.00000
C80-5000K,1.0,0.13642
C80-5000K,2.0,0.06282
C80-5000K,3.0,0.00645
C80-5000K,4.0,0.00391
C80-5000K,5.0,0.00000
C80-5000K,6.0,0.00000
C80-5000K,7.0,0.00000
C80-5000K,8.0,0.00000
C80-5000K,9.0,0.00000
C80-5000K,10.0,0.00000
C80-5000K,11.0,0.00000
C80-5000K,12.0,0.00000
C80-5000K,13.0,0.00175
C80-5000K,14.0,0.00038
C80-5000K,15.0,0.00033
C80-5000K,16.0,0.00058
C80-5000K,17.0,0.00000
C80-5000K,18.0,0.00046
C80-5000K,19.0,0.00000
C80-5000K,20.0,0.00000
C80-5000K,21.0,0.00000
C80-5000K,22.0,0.00000
C80-5000K,23.0,0.00000
C80-5000K,24.0,0.00000
C80-5000K,25.0,0.00000
C80-5000K,26.0,0.00000
C80-5000K,27.0,0.00000
C80-5000K,28.0,0.00020
C80-5000K,29.0,0.00009
C80-5000K,30.0,0.00077
C80-5000K,31.0,0.00064
C80-5000K,32.0,0.00030
C80-5000K,33.0,0.00028
C80-5000K,34.0,0.00013
C80-5000K,35.0,0.00000
C80-5000K,36.0,0.00000
C80-5000K,37.0,0.00000
C80-5000K,38.0,0.00000
C80-5000K,39.0,0.00000
C80-5000K,40.0,0.00005
C80-5000K,41.0,0.00014
C80-5000K,42.0,0.00000
C80-5000K,43.0,0.00000
C80-5000K,44.0,0.00000
C80-5000K,45.0,0.00004
C80-5000K,46.0,0.00011
C80-5000K,47.0,0.00004
C80-5000K,48.0,0.00010
C80-5000K,49.0,0.00010
C80-5000K,50.0,0.00009
C80-5000K,51.0,0.00003
C80-5000K,52.0,0.00009
C80-5000K,53.0,0.00006
C80-5000K,54.0,0.00003
C80-5000K,55.0,0.00003
C80-5000K,56.0,0.00002
C80-5000K,57.0,0.00002
C80-5000K,58.0,0.00000
C80-5000K,59.0,0.00002
C120-5000K,0.0,0.00000
C120-5000K,1.0,0.10231
C120-5000K,2.0,0.03769
C120-5000K,3.0,0.00645
C120-5000K,4.0,0.00783
C120-5000K,5.0,0.01574
C120-5000K,6.0,0.00188
C120-5000K,7.0,0.00141
C120-5000K,8.0,0.00110
C120-5000K,9.0,0.00000
C120-5000K,10.0,0.00000
C120-5000K,11.0,0.00060
C120-5000K,12.0,0.00051
C120-5000K,13.0,0.00044
C120-5000K,14.0,0.00038
C120-5000K,15.0,0.00066
C120-5000K,16.0,0.00058
C120-5000K,17.0,0.00078
C120-5000K,18.0,0.00116
C120-5000K,19.0,0.00063
C120-5000K,20.0,0.00076
C120-5000K,21.0,0.00103
C120-5000K,22.0,0.00031
C120-5000K,23.0,0.00086
C120-5000K,24.0,0.00027
C120-5000K,25.0,0.00037
C120-5000K,26.0,0.00091
C120-5000K,27.0,0.00053
C120-5000K,28.0,0.00059
C120-5000K,29.0,0.00009
C120-5000K,30.0,0.00000
C120-5000K,31.0,0.00000
C120-5000K,32.0,0.00000
C120-5000K,33.0,0.00007
C120-5000K,34.0,0.00047
C120-5000K,35.0,0.00019
C120-5000K,36.0,0.00030
C120-5000K,37.0,0.00011
C120-5000K,38.0,0.00016
C120-5000K,39.0,0.00020
C120-5000K,40.0,0.00049
C120-5000K,41.0,0.00018
C120-5000K,42.0,0.00004
C160-5000K,0.0,0.00000
C160-5000K,1.0,0.10231
C160-5000K,2.0,0.02513
C160-5000K,3.0,0.04517
C160-5000K,4.0,0.01957
C160-5000K,5.0,0.00000
C160-5000K,6.0,0.00000
C160-5000K,7.0,0.00000
C160-5000K,8.0,0.00000
C160-5000K,9.0,0.00000
C160-5000K,10.0,0.00000
C160-5000K,11.0,0.00000
C160-5000K,12.0,0.00204
C160-5000K,13.0,0.00044
C160-5000K,14.0,0.00038
C160-5000K,15.0,0.00132
C160-5000K,16.0,0.00088
C160-5000K,17.0,0.00026
C160-5000K,18.0,0.00070
C160-5000K,19.0,0.00167
C160-5000K,20.0,0.00114
C160-5000K,21.0,0.00120
C160-5000K,22.0,0.00173
C160-5000K,23.0,0.00144
C160-5000K,24.0,0.00080
C160-5000K,25.0,0.00024
C160-5000K,26.0,0.00102
C160-5000K,27.0,0.00084
C160-5000K,28.0,0.00069
C160-5000K,29.0,0.00064
C160-5000K,30.0,0.00043
C160-5000K,31.0,0.00040
C160-5000K,32.0,0.00038
C160-5000K,33.0,0.00021
C160-5000K,34.0,0.00007
C160-5000K,35.0,0.00000
C160-5000K,36.0,0.00000
C160-5000K,37.0,0.00000
C160-5000K,38.0,0.00000
C160-5000K,39.0,0.00000
C160-5000K,40.0,0.00000
C160-5000K,41.0,0.00005
C160-5000K,42.0,0.00004
C160-5000K,43.0,0.00004
C160-5000K,44.0,0.00028
C160-5000K,45.0,0.00008
C160-5000K,46.0,0.00011
C160-5000K,47.0,0.00011
C160-5000K,48.0,0.00010
C160-5000K,49.0,0.00006
C160-5000K,50.0,0.00009
C373-5000K,0.0,0.00000
C373-5000K,1.0,0.10231
C373-5000K,2.0,0.07539
C373-5000K,3.0,0.02581
C373-5000K,4.0,0.01565
C373-5000K,5.0,0.01312
C373-5000K,6.0,0.01692
C373-5000K,7.0,0.00706
C373-5000K,8.0,0.00110
C373-5000K,9.0,0.00264
C373-5000K,10.0,0.00216
C373-5000K,11.0,0.00180
C373-5000K,12.0,0.00102
C373-5000K,13.0,0.00000
C373-5000K,14.0,0.00000
C373-5000K,15.0,0.00000
C373-5000K,16.0,0.00000
C373-5000K,17.0,0.00052
C373-5000K,18.0,0.00093
C373-5000K,19.0,0.00042
C373-5000K,20.0,0.00019
C373-5000K,21.0,0.00103
C373-5000K,22.0,0.00094
C373-5000K,23.0,0.00086
C373-5000K,24.0,0.00106
C373-5000K,25.0,0.00184
C373-5000K,26.0,0.00091
C373-5000K,27.0,0.00063
C373-5000K,28.0,0.00059
C373-5000K,29.0,0.00091
C373-5000K,30.0,0.00068
C373-5000K,31.0,0.00032
C373-5000K,32.0,0.00060
C373-5000K,33.0,0.00071
C373-5000K,34.0,0.00053
C373-5000K,35.0,0.00063
C373-5000K,36.0,0.00018
C373-5000K,37.0,0.00023
C373-5000K,38.0,0.00043
C373-5000K,39.0,0.00066
C373-5000K,40.0,0.00034
C373-5000K,41.0,0.00032
C373-5000K,42.0,0.00040
C373-5000K,43.0,0.00029
C373-5000K,44.0,0.00032
C373-5000K,45.0,0.00035
C373-5000K,46.0,0.00018
C373-5000K,47.0,0.00025
C373-5000K,48.0,0.00020
C373-5000K,49.0,0.00026
C373-5000K,50.0,0.00019
C373-5000K,51.0,0.00042
C373-5000K,52.0,0.00035
C373-5000K,53.0,0.00028
C373-5000K,54.0,0.00016
C373-5000K,55.0,0.00021
C373-5000K,56.0,0.00017
C373-5000K,57.0,0.00029
C373-5000K,58.0,0.00014
C373-5000K,59.0,0.00016
C373-5000K,60.0,0.00009
C373-5000K,61.0,0.00006
C373-5000K,62.0,0.00002
C686-5000K,0.0,0.23873
C686-5000K,1.0,0.06821
C686-5000K,2.0,0.01256
C686-5000K,3.0,0.02581
C686-5000K,4.0,0.01174
C686-5000K,5.0,0.01574
C686-5000K,6.0,0.00564
C686-5000K,7.0,0.00848
C686-5000K,8.0,0.00330
C686-5000K,9.0,0.00529
C686-5000K,10.0,0.00649
C686-5000K,11.0,0.00541
C686-5000K,12.0,0.00102
C686-5000K,13.0,0.00044
C686-5000K,14.0,0.00038
C686-5000K,15.0,0.00033
C686-5000K,16.0,0.00088
C686-5000K,17.0,0.00286
C686-5000K,18.0,0.00139
C686-5000K,19.0,0.00042
C686-5000K,20.0,0.00151
C686-5000K,21.0,0.00344
C686-5000K,22.0,0.00283
C686-5000K,23.0,0.00317
C686-5000K,24.0,0.00225
C686-5000K,25.0,0.00159
C686-5000K,26.0,0.00079
C686-5000K,27.0,0.00242
C686-5000K,28.0,0.00304
C686-5000K,29.0,0.00183
C686-5000K,30.0,0.00137
C686-5000K,31.0,0.00128
C686-5000K,32.0,0.00128
C686-5000K,33.0,0.00121
C686-5000K,34.0,0.00154
C686-5000K,35.0,0.00202
C686-5000K,36.0,0.00137
C686-5000K,37.0,0.00096
C686-5000K,38.0,0.00097
C686-5000K,39.0,0.00071
C686-5000K,40.0,0.00053
C686-5000K,41.0,0.00079
C686-5000K,42.0,0.00062
C686-5000K,43.0,0.00088
C686-5000K,44.0,0.00056
C686-5000K,45.0,0.00038
C686-5000K,46.0,0.00033
C686-5000K,47.0,0.00046
C686-5000K,48.0,0.00058
C686-5000K,49.0,0.00039
C686-5000K,50.0,0.00019
C686-5000K,51.0,0.00012
C686-5000K,52.0,0.00006
C686-5000K,53.0,0.00006
C686-5000K,54.0,0.00021
C686-5000K,55.0,0.00003
C686-5000K,56.0,0.00015
C686-5000K,57.0,0.00041
C686-5000K,58.0,0.00028
C686-5000K,59.0,0.00020
C686-5000K,60.0,0.00011
C686-5000K,61.0,0.00011
C686-5000K,62.0,0.00008
C686-5000K,63.0,0.00004
C686-5000K,64.0,0.00002
C686-5000K,65.0,0.00002
C686-5000K,66.0,0.00002
C686-5000K,67.0,0.00005
C686-5000K,68.0,0.00005
C686-5000K,69.0,0.00002
C686-5000K,70.0,0.00003
C686-5000K,71.0,0.00002
C1000-5000K,0.0,0.00000
C1000-5000K,1.0,0.06821
C1000-5000K,2.0,0.02513
C1000-5000K,3.0,0.02581
C1000-5000K,4.0,0.01565
C1000-5000K,5.0,0.01574
C1000-5000K,6.0,0.00940
C1000-5000K,7.0,0.00848
C1000-5000K,8.0,0.00220
C1000-5000K,9.0,0.00176
C1000-5000K,10.0,0.00144
C1000-5000K,11.0,0.00060
C1000-5000K,12.0,0.00102
C1000-5000K,13.0,0.00000
C1000-5000K,14.0,0.00076
C1000-5000K,15.0,0.00265
C1000-5000K,16.0,0.00117
C1000-5000K,17.0,0.00130
C1000-5000K,18.0,0.00302
C1000-5000K,19.0,0.00251
C1000-5000K,20.0,0.00284
C1000-5000K,21.0,0.00310
C1000-5000K,22.0,0.00157
C1000-5000K,23.0,0.00115
C1000-5000K,24.0,0.00172
C1000-5000K,25.0,0.00086
C1000-5000K,26.0,0.00091
C1000-5000K,27.0,0.00253
C1000-5000K,28.0,0.00098
C1000-5000K,29.0,0.00128
C1000-5000K,30.0,0.00128
C1000-5000K,31.0,0.00281
C1000-5000K,32.0,0.00218
C1000-5000K,33.0,0.00199
C1000-5000K,34.0,0.00094
C1000-5000K,35.0,0.00114
C1000-5000K,36.0,0.00060
C1000-5000K,37.0,0.00096
C1000-5000K,38.0,0.00145
C1000-5000K,39.0,0.00092
C1000-5000K,40.0,0.00116
C1000-5000K,41.0,0.00106
C1000-5000K,42.0,0.00106
C1000-5000K,43.0,0.00122
C1000-5000K,44.0,0.00084
C1000-5000K,45.0,0.00054
C1000-5000K,46.0,0.00085
C1000-5000K,47.0,0.00092
C1000-5000K,48.0,0.00068
C1000-5000K,49.0,0.00071
C1000-5000K,50.0,0.00062
C1000-5000K,51.0,0.00090
C1000-5000K,52.0,0.00052
C1000-5000K,53.0,0.00036
C1000-5000K,54.0,0.00040
C1000-5000K,55.0,0.00039
C1000-5000K,56.0,0.00040
C1000-5000K,57.0,0.00039
C1000-5000K,58.0,0.00037
C1000-5000K,59.0,0.00020
C1000-5000K,60.0,0.00030
C1000-5000K,61.0,0.00025
C1000-5000K,62.0,0.00024
C1000-5000K,63.0,0.00036
C1000-5000K,64.0,0.00025
C1000-5000K,65.0,0.00013
C1000-5000K,66.0,0.00027
C1000-5000K,67.0,0.00028
C1000-5000K,68.0,0.00015
C1000-5000K,69.0,0.00015
C1000-5000K,70.0,0.00005
C1000-5000K,71.0,0.00002
C1000-5000K,72.0,0.00014
C1000-5000K,73.0,0.00006
C1000-5000K,74.0,0.00017
C1000-5000K,75.0,0.00010
C1000-5000K,76.0,0.00011
C1000-5000K,77.0,0.00012
C1000-5000K,78.0,0.00006
C1000-5000K,79.0,0.00004
